unique_id,bfi_a1,bfi_a2,bfi_a3,bfi_a4,bfi_a5,bfi_a6,bfi_a7,bfi_a8,bfi_a9,bfi_c1,bfi_c2,bfi_c3,bfi_c4,bfi_c5,bfi_c6,bfi_c7,bfi_c8,bfi_c9,bfi_e1,bfi_e2,bfi_e3,bfi_e4,bfi_e5,bfi_e6,bfi_e7,bfi_e8,bfi_n1,bfi_n2,bfi_n3,bfi_n4,bfi_n5,bfi_n6,bfi_n7,bfi_n8,bfi_o1,bfi_o10,bfi_o2,bfi_o3,bfi_o4,bfi_o5,bfi_o6,bfi_o7,bfi_o8,bfi_o9,mean_bfi_a,mean_bfi_o,mean_bfi_c,mean_bfi_e,mean_bfi_n,age,sex,D_Score,exclude_iat,exclude_impossible_data,exclude_incomplete_data,exclude_participant
440109,NA,NA,NA,NA,NA,NA,NA,NA,NA,6,5,6,3,3,5,5,5,5,2,2,2,4,2,4,2,3,3,4,6,4,3,5,2,4,NA,NA,NA,NA,NA,NA,NA,NA,NA,NA,NA,NA,4.777777777777778,2.625,3.875,46,f,-0.3998360512190347,include,include,include,include
355243,4,4,4,4,4,5,5,4,4,NA,NA,NA,NA,NA,NA,NA,NA,NA,NA,NA,NA,NA,NA,NA,NA,NA,NA,NA,NA,NA,NA,NA,NA,NA,4,3,5,5,6,4,5,4,5,3,4.222222222222222,4.4,NA,NA,NA,27,m,-0.3434216186309965,include,include,include,include
214625,2,4,4,4,5,6,4,5,5,NA,NA,NA,NA,NA,NA,NA,NA,NA,NA,NA,NA,NA,NA,NA,NA,NA,NA,NA,NA,NA,NA,NA,NA,NA,4,4,4,4,6,4,4,3,4,5,4.333333333333333,4.2,NA,NA,NA,20,f,-0.3807108630693079,include,include,include,include
214148,1,4,6,4,4,2,5,3,3,NA,NA,NA,NA,NA,NA,NA,NA,NA,NA,NA,NA,NA,NA,NA,NA,NA,NA,NA,NA,NA,NA,NA,NA,NA,3,2,6,4,4,4,4,2,4,5,3.5555555555555554,3.8,NA,NA,NA,20,m,0.11637294476883331,include,include,include,include
213400,5,4,6,3,5,6,5,6,5,NA,NA,NA,NA,NA,NA,NA,NA,NA,NA,NA,NA,NA,NA,NA,NA,NA,NA,NA,NA,NA,NA,NA,NA,NA,2,2,4,4,5,2,3,3,4,1,5,3,NA,NA,NA,29,f,-0.2559084153616312,include,include,include,include
216503,4,5,1,2,4,2,4,3,5,NA,NA,NA,NA,NA,NA,NA,NA,NA,NA,NA,NA,NA,NA,NA,NA,NA,NA,NA,NA,NA,NA,NA,NA,NA,4,5,6,5,5,4,5,5,6,3,3.3333333333333335,4.8,NA,NA,NA,33,f,0.21209069738980843,include,include,include,include
369479,NA,NA,NA,NA,NA,NA,NA,NA,NA,5,4,5,2,3,6,4,6,3,6,4,4,5,5,5,4,6,2,2,4,5,3,2,1,5,NA,NA,NA,NA,NA,NA,NA,NA,NA,NA,NA,NA,4.222222222222222,4.875,3,28,f,-0.15485518453796526,include,include,include,include
220525,NA,NA,NA,NA,NA,NA,NA,NA,NA,6,5,5,3,5,6,6,6,3,6,3,3,5,3,6,1,5,4,5,5,4,4,6,4,2,NA,NA,NA,NA,NA,NA,NA,NA,NA,NA,NA,NA,5,4,4.25,33,f,0.17211157816499234,include,include,include,include
225948,3,5,4,3,2,3,4,3,5,NA,NA,NA,NA,NA,NA,NA,NA,NA,NA,NA,NA,NA,NA,NA,NA,NA,NA,NA,NA,NA,NA,NA,NA,NA,5,5,6,5,5,5,6,4,6,6,3.5555555555555554,5.3,NA,NA,NA,23,m,-0.5165614475236541,include,include,include,include
227399,2,3,2,3,4,1,3,1,2,NA,NA,NA,NA,NA,NA,NA,NA,NA,NA,NA,NA,NA,NA,NA,NA,NA,NA,NA,NA,NA,NA,NA,NA,NA,3,5,6,5,3,2,4,3,5,3,2.3333333333333335,3.9,NA,NA,NA,16,m,0.10128785747529007,include,include,include,include
228671,5,5,6,6,5,3,6,6,6,NA,NA,NA,NA,NA,NA,NA,NA,NA,NA,NA,NA,NA,NA,NA,NA,NA,NA,NA,NA,NA,NA,NA,NA,NA,4,5,6,4,5,4,5,5,5,6,5.333333333333333,4.9,NA,NA,NA,18,f,-0.47792567274045583,include,include,include,include
232178,NA,NA,NA,NA,NA,NA,NA,NA,NA,5,5,3,3,3,2,5,2,2,4,3,2,NA,3,5,2,4,6,5,6,6,6,5,5,6,NA,NA,NA,NA,NA,NA,NA,NA,NA,NA,NA,NA,3.3333333333333335,3.2857142857142856,5.625,27,m,-0.35078270430631386,include,include,exclude,exclude
232474,4,6,5,4,5,3,6,2,3,NA,NA,NA,NA,NA,NA,NA,NA,NA,NA,NA,NA,NA,NA,NA,NA,NA,NA,NA,NA,NA,NA,NA,NA,NA,6,5,6,6,6,6,6,6,6,6,4.222222222222222,5.9,NA,NA,NA,30,m,-0.03987338126605477,include,include,include,include
233978,NA,NA,NA,NA,NA,NA,NA,NA,NA,5,6,6,3,6,6,5,5,3,4,2,5,4,3,5,3,6,2,2,4,2,1,4,2,3,NA,NA,NA,NA,NA,NA,NA,NA,NA,NA,NA,NA,5,4,2.5,44,m,-0.560702130589431,include,include,include,include
235367,1,2,4,5,2,1,1,1,4,NA,NA,NA,NA,NA,NA,NA,NA,NA,NA,NA,NA,NA,NA,NA,NA,NA,NA,NA,NA,NA,NA,NA,NA,NA,6,5,6,6,5,5,5,4,4,6,2.3333333333333335,5.2,NA,NA,NA,21,m,0.10893215777285095,include,include,include,include
238241,5,5,6,5,6,2,5,1,6,NA,NA,NA,NA,NA,NA,NA,NA,NA,NA,NA,NA,NA,NA,NA,NA,NA,NA,NA,NA,NA,NA,NA,NA,NA,5,4,6,4,5,4,5,3,5,5,4.555555555555555,4.6,NA,NA,NA,51,f,-0.6261674814615079,include,include,include,include
239346,NA,NA,NA,NA,NA,NA,NA,NA,NA,5,6,6,6,4,5,5,6,5,6,6,5,5,5,4,5,6,4,4,4,4,4,4,4,4,NA,NA,NA,NA,NA,NA,NA,NA,NA,NA,NA,NA,5.333333333333333,5.25,4,20,f,-0.08604037328148856,include,include,include,include
241587,5,5,2,4,6,2,5,3,5,NA,NA,NA,NA,NA,NA,NA,NA,NA,NA,NA,NA,NA,NA,NA,NA,NA,NA,NA,NA,NA,NA,NA,NA,NA,6,3,6,6,6,5,5,4,5,5,4.111111111111111,5.1,NA,NA,NA,41,f,-0.5625180069585218,include,include,include,include
243747,NA,NA,NA,NA,NA,NA,NA,NA,NA,6,3,5,3,2,3,5,5,4,4,5,3,3,3,5,2,5,4,3,4,4,2,5,1,4,NA,NA,NA,NA,NA,NA,NA,NA,NA,NA,NA,NA,4,3.75,3.375,23,f,-0.13651781625696807,include,include,include,include
245717,NA,NA,NA,NA,NA,NA,NA,NA,NA,5,5,5,4,4,4,4,4,3,2,1,3,3,1,3,2,3,4,3,3,4,4,3,3,4,NA,NA,NA,NA,NA,NA,NA,NA,NA,NA,NA,NA,4.222222222222222,2.25,3.5,24,m,-0.1391197439210437,include,include,include,include
249730,3,4,3,4,4,6,4,3,6,NA,NA,NA,NA,NA,NA,NA,NA,NA,NA,NA,NA,NA,NA,NA,NA,NA,NA,NA,NA,NA,NA,NA,NA,NA,2,1,4,1,3,1,4,4,3,1,4.111111111111111,2.4,NA,NA,NA,37,f,-0.13360284265812072,include,include,include,include
251939,NA,NA,NA,NA,NA,NA,NA,NA,NA,5,4,4,4,3,4,4,6,3,4,3,4,5,3,3,1,4,3,3,4,4,1,4,3,4,NA,NA,NA,NA,NA,NA,NA,NA,NA,NA,NA,NA,4.111111111111111,3.375,3.25,28,m,0.0435008801625283,include,include,include,include
253188,3,5,5,4,6,4,6,6,6,NA,NA,NA,NA,NA,NA,NA,NA,NA,NA,NA,NA,NA,NA,NA,NA,NA,NA,NA,NA,NA,NA,NA,NA,NA,3,4,6,6,6,4,6,5,6,3,5,4.9,NA,NA,NA,32,f,-0.3469623508897915,include,include,include,include
253519,5,6,6,5,6,5,6,4,5,NA,NA,NA,NA,NA,NA,NA,NA,NA,NA,NA,NA,NA,NA,NA,NA,NA,NA,NA,NA,NA,NA,NA,NA,NA,5,5,5,6,6,5,5,2,6,1,5.333333333333333,4.6,NA,NA,NA,22,m,0.10496476345408157,include,include,include,include
254504,NA,NA,NA,NA,NA,NA,NA,NA,NA,4,3,4,3,2,4,4,4,4,4,3,3,4,3,6,3,4,4,1,2,2,3,4,2,1,NA,NA,NA,NA,NA,NA,NA,NA,NA,NA,NA,NA,3.5555555555555554,3.75,2.375,24,m,-0.35696411106756143,include,include,include,include
285703,NA,NA,NA,NA,NA,NA,NA,NA,NA,4,1,4,1,2,3,2,5,1,6,6,4,6,6,2,5,6,6,6,5,6,6,4,5,5,NA,NA,NA,NA,NA,NA,NA,NA,NA,NA,NA,NA,2.5555555555555554,5.125,5.375,33,m,-0.5218578414479752,include,include,include,include
287257,NA,NA,NA,NA,NA,NA,NA,NA,NA,6,5,6,3,6,4,5,5,5,6,4,5,5,5,5,3,5,4,3,5,5,3,4,2,4,NA,NA,NA,NA,NA,NA,NA,NA,NA,NA,NA,NA,5,4.75,3.75,21,f,-0.244906868714464,include,include,include,include
289486,5,6,6,6,6,6,6,6,6,NA,NA,NA,NA,NA,NA,NA,NA,NA,NA,NA,NA,NA,NA,NA,NA,NA,NA,NA,NA,NA,NA,NA,NA,NA,4,5,5,4,5,4,5,2,4,6,5.888888888888889,4.4,NA,NA,NA,56,f,-0.2671026092992613,include,include,include,include
289105,2,4,4,4,3,3,4,5,5,NA,NA,NA,NA,NA,NA,NA,NA,NA,NA,NA,NA,NA,NA,NA,NA,NA,NA,NA,NA,NA,NA,NA,NA,NA,6,4,6,5,5,5,5,4,5,5,3.7777777777777777,5,NA,NA,NA,32,m,-0.41412080867733414,include,include,include,include
291619,NA,NA,NA,NA,NA,NA,NA,NA,NA,5,1,6,3,6,4,NA,4,3,6,2,4,5,3,4,3,5,1,3,3,6,3,2,1,6,NA,NA,NA,NA,NA,NA,NA,NA,NA,NA,NA,NA,4,4,3.125,22,f,-0.23352539061661481,include,include,exclude,exclude
293517,3,3,4,4,6,3,6,4,3,NA,NA,NA,NA,NA,NA,NA,NA,NA,NA,NA,NA,NA,NA,NA,NA,NA,NA,NA,NA,NA,NA,NA,NA,NA,4,5,6,4,5,4,5,3,4,5,4,4.5,NA,NA,NA,21,f,-0.29442305273105995,include,include,include,include
296088,6,5,4,6,6,3,6,6,5,NA,NA,NA,NA,NA,NA,NA,NA,NA,NA,NA,NA,NA,NA,NA,NA,NA,NA,NA,NA,NA,NA,NA,NA,NA,5,3,6,4,1,5,4,4,6,4,5.222222222222222,4.2,NA,NA,NA,49,m,-0.2674100491713677,include,include,include,include
310835,2,3,3,3,2,3,3,2,4,NA,NA,NA,NA,NA,NA,NA,NA,NA,NA,NA,NA,NA,NA,NA,NA,NA,NA,NA,NA,NA,NA,NA,NA,NA,3,4,6,4,3,5,1,5,6,6,2.7777777777777777,4.3,NA,NA,NA,30,m,-0.5754700685311114,include,include,include,include
310981,4,6,5,5,6,2,5,5,5,NA,NA,NA,NA,NA,NA,NA,NA,NA,NA,NA,NA,NA,NA,NA,NA,NA,NA,NA,NA,NA,NA,NA,NA,NA,6,2,5,6,6,5,4,2,6,5,4.777777777777778,4.7,NA,NA,NA,52,m,-0.6946936015261722,include,include,include,include
311817,NA,NA,NA,NA,NA,NA,NA,NA,NA,5,5,6,3,6,6,5,6,6,5,2,6,5,5,6,6,5,1,1,3,1,1,1,1,1,NA,NA,NA,NA,NA,NA,NA,NA,NA,NA,NA,NA,5.333333333333333,5,1.25,48,f,-0.42949800321825277,include,include,include,include
316021,3,6,6,6,5,1,5,2,4,NA,NA,NA,NA,NA,NA,NA,NA,NA,NA,NA,NA,NA,NA,NA,NA,NA,NA,NA,NA,NA,NA,NA,NA,NA,6,1,6,6,5,6,2,6,6,1,4.222222222222222,4.5,NA,NA,NA,34,m,-0.1577835187770125,include,include,include,include
314655,NA,NA,NA,NA,NA,NA,NA,NA,NA,6,5,6,6,6,6,6,6,2,5,3,5,5,3,6,2,4,1,2,5,4,2,4,3,4,NA,NA,NA,NA,NA,NA,NA,NA,NA,NA,NA,NA,5.444444444444445,4.125,3.125,19,f,-0.5061878271967456,include,include,include,include
329537,2,3,2,3,4,4,2,2,4,NA,NA,NA,NA,NA,NA,NA,NA,NA,NA,NA,NA,NA,NA,NA,NA,NA,NA,NA,NA,NA,NA,NA,NA,NA,5,1,6,4,5,5,3,4,5,3,2.888888888888889,4.1,NA,NA,NA,17,m,-0.36196787306876493,include,include,include,include
337414,3,4,3,5,5,2,4,3,4,NA,NA,NA,NA,NA,NA,NA,NA,NA,NA,NA,NA,NA,NA,NA,NA,NA,NA,NA,NA,NA,NA,NA,NA,NA,3,3,5,2,4,1,4,3,4,3,3.6666666666666665,3.2,NA,NA,NA,31,f,-0.16750006673964254,include,include,include,include
339121,3,6,4,6,6,6,5,6,6,NA,NA,NA,NA,NA,NA,NA,NA,NA,NA,NA,NA,NA,NA,NA,NA,NA,NA,NA,NA,NA,NA,NA,NA,NA,5,1,6,4,5,6,3,6,5,5,5.333333333333333,4.6,NA,NA,NA,29,m,-0.31956271782791773,include,include,include,include
343954,NA,NA,NA,NA,NA,NA,NA,NA,NA,6,6,6,3,3,6,6,5,4,6,5,4,5,2,6,6,6,4,5,2,1,2,4,1,2,NA,NA,NA,NA,NA,NA,NA,NA,NA,NA,NA,NA,5,5,2.625,21,f,-0.21752741539003911,include,include,include,include
347838,2,5,3,4,3,3,3,2,4,NA,NA,NA,NA,NA,NA,NA,NA,NA,NA,NA,NA,NA,NA,NA,NA,NA,NA,NA,NA,NA,NA,NA,NA,NA,5,2,6,4,6,4,4,3,4,NA,3.2222222222222223,4.222222222222222,NA,NA,NA,21,f,-0.7883258777157188,include,include,exclude,exclude
348671,NA,NA,NA,NA,NA,NA,NA,NA,NA,4,2,4,2,2,3,3,4,2,2,2,2,3,2,2,2,3,4,5,4,4,4,4,3,5,NA,NA,NA,NA,NA,NA,NA,NA,NA,NA,NA,NA,2.888888888888889,2.25,4.125,26,m,-0.3514639286826512,include,include,include,include
354340,NA,NA,NA,NA,NA,NA,NA,NA,NA,5,5,6,1,5,4,4,5,5,4,3,4,3,3,4,5,4,2,3,2,2,2,2,3,3,NA,NA,NA,NA,NA,NA,NA,NA,NA,NA,NA,NA,4.444444444444445,3.75,2.375,32,f,-0.32684615131438693,include,include,include,include
357132,6,4,6,6,6,6,5,5,5,NA,NA,NA,NA,NA,NA,NA,NA,NA,NA,NA,NA,NA,NA,NA,NA,NA,NA,NA,NA,NA,NA,NA,NA,NA,5,5,6,5,6,6,6,5,6,5,5.444444444444445,5.5,NA,NA,NA,51,f,-0.6254329841185189,include,include,include,include
368445,2,6,1,1,6,3,4,5,6,NA,NA,NA,NA,NA,NA,NA,NA,NA,NA,NA,NA,NA,NA,NA,NA,NA,NA,NA,NA,NA,NA,NA,NA,NA,6,1,4,1,3,6,6,NA,6,3,3.7777777777777777,4,NA,NA,NA,25,m,-0.04918924445530779,include,include,exclude,exclude
361490,NA,NA,NA,NA,NA,NA,NA,NA,NA,6,1,6,2,3,5,5,6,3,6,3,6,6,4,5,2,3,3,3,4,4,2,4,2,2,NA,NA,NA,NA,NA,NA,NA,NA,NA,NA,NA,NA,4.111111111111111,4.375,3,41,f,0.13197495251566554,include,include,include,include
365480,6,6,6,6,6,5,6,2,6,NA,NA,NA,NA,NA,NA,NA,NA,NA,NA,NA,NA,NA,NA,NA,NA,NA,NA,NA,NA,NA,NA,NA,NA,NA,5,4,6,5,6,5,6,3,6,4,5.444444444444445,5,NA,NA,NA,21,f,-0.3035878787294704,include,include,include,include
365691,3,5,5,5,3,5,5,4,5,NA,NA,NA,NA,NA,NA,NA,NA,NA,NA,NA,NA,NA,NA,NA,NA,NA,NA,NA,NA,NA,NA,NA,NA,NA,4,3,6,5,6,4,6,5,5,5,4.444444444444445,4.9,NA,NA,NA,32,f,-0.20175693646017603,include,include,include,include
365766,NA,NA,NA,NA,NA,NA,NA,NA,NA,4,3,4,2,3,5,3,4,2,4,3,5,5,3,4,2,4,2,3,4,4,1,1,2,3,NA,NA,NA,NA,NA,NA,NA,NA,NA,NA,NA,NA,3.3333333333333335,3.75,2.5,20,f,-0.7801177215732966,include,include,include,include
366258,5,5,6,5,6,3,6,6,6,NA,NA,NA,NA,NA,NA,NA,NA,NA,NA,NA,NA,NA,NA,NA,NA,NA,NA,NA,NA,NA,NA,NA,NA,NA,6,2,6,6,5,5,5,6,5,3,5.333333333333333,4.9,NA,NA,NA,25,m,-0.6511658072686008,include,include,include,include
372836,2,5,4,5,5,2,6,3,5,NA,NA,NA,NA,NA,NA,NA,NA,NA,NA,NA,NA,NA,NA,NA,NA,NA,NA,NA,NA,NA,NA,NA,NA,NA,6,5,5,6,6,6,6,4,5,6,4.111111111111111,5.5,NA,NA,NA,26,f,-0.3175256049540191,include,include,include,include
388154,2,5,6,5,3,4,6,4,5,NA,NA,NA,NA,NA,NA,NA,NA,NA,NA,NA,NA,NA,NA,NA,NA,NA,NA,NA,NA,NA,NA,NA,NA,NA,4,6,6,3,5,4,6,3,5,5,4.444444444444445,4.7,NA,NA,NA,19,f,-0.8023305510403469,include,include,include,include
491808,NA,NA,NA,NA,NA,NA,NA,NA,NA,5,5,6,5,6,5,6,6,5,2,3,5,3,2,2,3,3,2,2,4,3,2,4,4,4,NA,NA,NA,NA,NA,NA,NA,NA,NA,NA,NA,NA,5.444444444444445,2.875,3.125,22,f,0.18770138067446956,include,include,include,include
418670,4,4,5,5,5,2,4,3,4,NA,NA,NA,NA,NA,NA,NA,NA,NA,NA,NA,NA,NA,NA,NA,NA,NA,NA,NA,NA,NA,NA,NA,NA,NA,5,4,6,5,5,5,5,5,6,4,4,5,NA,NA,NA,17,m,-0.05574712165172399,include,include,include,include
394075,3,5,6,5,3,6,5,6,6,NA,NA,NA,NA,NA,NA,NA,NA,NA,NA,NA,NA,NA,NA,NA,NA,NA,NA,NA,NA,NA,NA,NA,NA,NA,5,5,6,6,6,5,6,3,5,4,5,5.1,NA,NA,NA,21,f,0.09859022735573014,include,include,include,include
401021,NA,NA,NA,NA,NA,NA,NA,NA,NA,6,2,6,2,2,6,6,4,5,4,3,3,5,3,2,3,4,5,6,5,6,2,4,4,4,NA,NA,NA,NA,NA,NA,NA,NA,NA,NA,NA,NA,4.333333333333333,3.375,4.5,20,f,0.23866551538855635,include,include,include,include
419450,5,4,6,6,4,5,4,3,6,NA,NA,NA,NA,NA,NA,NA,NA,NA,NA,NA,NA,NA,NA,NA,NA,NA,NA,NA,NA,NA,NA,NA,NA,NA,6,6,6,6,6,6,6,5,6,6,4.777777777777778,5.9,NA,NA,NA,52,m,-0.29267633942500193,include,include,include,include
421489,2,5,5,3,5,3,4,3,5,NA,NA,NA,NA,NA,NA,NA,NA,NA,NA,NA,NA,NA,NA,NA,NA,NA,NA,NA,NA,NA,NA,NA,NA,NA,6,6,6,4,6,6,6,5,6,6,3.888888888888889,5.7,NA,NA,NA,18,f,-0.3243352241172064,include,include,include,include
429123,NA,NA,NA,NA,NA,NA,NA,NA,NA,6,6,6,3,6,5,6,5,2,4,3,3,5,2,5,4,5,4,2,5,4,2,4,2,6,NA,NA,NA,NA,NA,NA,NA,NA,NA,NA,NA,NA,5,3.875,3.625,43,f,-0.5727272116090188,include,include,include,include
429559,3,5,4,6,6,6,6,5,6,NA,NA,NA,NA,NA,NA,NA,NA,NA,NA,NA,NA,NA,NA,NA,NA,NA,NA,NA,NA,NA,NA,NA,NA,NA,4,5,6,3,5,5,6,3,4,4,5.222222222222222,4.5,NA,NA,NA,19,m,-0.6429403500101324,include,include,include,include
433267,NA,NA,NA,NA,NA,NA,NA,NA,NA,4,5,4,3,4,2,5,5,5,1,2,4,2,1,3,2,1,2,3,4,2,1,2,2,4,NA,NA,NA,NA,NA,NA,NA,NA,NA,NA,NA,NA,4.111111111111111,2,2.5,34,f,-0.3141298068170994,include,include,include,include
435868,5,4,5,6,5,3,5,3,5,NA,NA,NA,NA,NA,NA,NA,NA,NA,NA,NA,NA,NA,NA,NA,NA,NA,NA,NA,NA,NA,NA,NA,NA,NA,5,6,6,5,5,5,6,6,6,6,4.555555555555555,5.6,NA,NA,NA,31,f,0.15646204987780957,include,include,include,include
442495,5,6,5,6,5,4,6,4,5,NA,NA,NA,NA,NA,NA,NA,NA,NA,NA,NA,NA,NA,NA,NA,NA,NA,NA,NA,NA,NA,NA,NA,NA,NA,4,4,5,5,5,4,4,4,5,3,5.111111111111111,4.3,NA,NA,NA,37,f,-0.1774926027277851,include,include,include,include
439554,NA,NA,NA,NA,NA,NA,NA,NA,NA,4,4,4,3,4,2,4,5,4,4,3,3,4,2,4,3,3,1,3,4,2,2,5,2,4,NA,NA,NA,NA,NA,NA,NA,NA,NA,NA,NA,NA,3.7777777777777777,3.25,2.875,37,m,-0.15763535189865682,include,include,include,include
440148,NA,NA,NA,NA,NA,NA,NA,NA,NA,4,4,6,4,6,5,4,4,4,3,3,5,4,3,4,3,3,2,3,4,1,2,1,2,1,NA,NA,NA,NA,NA,NA,NA,NA,NA,NA,NA,NA,4.555555555555555,3.5,2,35,f,-0.28421716729802804,include,include,include,include
446741,NA,NA,NA,NA,NA,NA,NA,NA,NA,4,3,4,2,4,4,4,4,3,4,3,3,3,4,4,4,4,2,2,5,3,1,5,2,3,NA,NA,NA,NA,NA,NA,NA,NA,NA,NA,NA,NA,3.5555555555555554,3.625,2.875,38,m,-0.1956204579698495,include,include,include,include
585230,4,5,4,4,5,5,4,3,4,NA,NA,NA,NA,NA,NA,NA,NA,NA,NA,NA,NA,NA,NA,NA,NA,NA,NA,NA,NA,NA,NA,NA,NA,NA,4,4,5,4,6,4,5,3,4,5,4.222222222222222,4.4,NA,NA,NA,24,f,-0.5462605844541182,include,include,include,include
448449,5,4,6,5,6,5,5,5,6,NA,NA,NA,NA,NA,NA,NA,NA,NA,NA,NA,NA,NA,NA,NA,NA,NA,NA,NA,NA,NA,NA,NA,NA,NA,5,1,6,6,4,5,4,6,6,2,5.222222222222222,4.5,NA,NA,NA,60,f,0.13462462276688184,include,include,include,include
448828,3,4,5,4,6,6,6,5,5,NA,NA,NA,NA,NA,NA,NA,NA,NA,NA,NA,NA,NA,NA,NA,NA,NA,NA,NA,NA,NA,NA,NA,NA,NA,5,2,6,4,4,4,4,3,5,4,4.888888888888889,4.1,NA,NA,NA,30,f,0.0053780735952797375,include,include,include,include
449383,NA,NA,NA,NA,NA,NA,NA,NA,NA,5,5,6,3,5,6,5,5,5,3,1,5,5,3,5,2,4,1,2,5,4,1,6,1,4,NA,NA,NA,NA,NA,NA,NA,NA,NA,NA,NA,NA,5,3.5,3,42,m,-0.6006564398208769,include,include,include,include
449631,3,4,3,4,4,3,3,3,4,NA,NA,NA,NA,NA,NA,NA,NA,NA,NA,NA,NA,NA,NA,NA,NA,NA,NA,NA,NA,NA,NA,NA,NA,NA,4,3,6,4,5,4,4,3,4,4,3.4444444444444446,4.1,NA,NA,NA,32,m,0.20503143993372,include,include,include,include
466546,NA,NA,NA,NA,NA,NA,NA,NA,NA,5,3,5,6,4,6,5,6,3,2,2,3,4,1,4,2,3,2,2,3,4,2,2,1,2,NA,NA,NA,NA,NA,NA,NA,NA,NA,NA,NA,NA,4.777777777777778,2.625,2.25,29,f,-0.7744717378784511,include,include,include,include
467663,4,5,4,5,5,3,4,4,4,NA,NA,NA,NA,NA,NA,NA,NA,NA,NA,NA,NA,NA,NA,NA,NA,NA,NA,NA,NA,NA,NA,NA,NA,NA,6,5,6,6,6,6,6,4,6,2,4.222222222222222,5.3,NA,NA,NA,21,f,0.257138934681148,include,include,include,include
469605,3,4,5,5,4,4,5,3,5,NA,NA,NA,NA,NA,NA,NA,NA,NA,NA,NA,NA,NA,NA,NA,NA,NA,NA,NA,NA,NA,NA,NA,NA,NA,5,3,5,5,5,5,3,5,5,2,4.222222222222222,4.3,NA,NA,NA,25,m,-0.09708997207702305,include,include,include,include
478588,NA,NA,NA,NA,NA,NA,NA,NA,NA,4,3,5,3,3,4,4,4,3,3,4,4,4,3,4,3,5,2,4,5,5,3,4,5,4,NA,NA,NA,NA,NA,NA,NA,NA,NA,NA,NA,NA,3.6666666666666665,3.75,4,28,f,0.033499241335584504,include,include,include,include
516095,NA,NA,NA,NA,NA,NA,NA,NA,NA,6,1,6,4,3,6,6,6,1,3,1,3,3,1,1,1,5,5,1,6,6,4,6,1,6,NA,NA,NA,NA,NA,NA,NA,NA,NA,NA,NA,NA,4.333333333333333,2.25,4.375,33,f,-0.26771544073828774,include,include,include,include
487509,2,5,4,5,5,5,6,2,4,NA,NA,NA,NA,NA,NA,NA,NA,NA,NA,NA,NA,NA,NA,NA,NA,NA,NA,NA,NA,NA,NA,NA,NA,NA,5,4,5,4,4,4,2,2,4,3,4.222222222222222,3.7,NA,NA,NA,19,f,0.11243721947690066,include,include,include,include
488298,NA,NA,NA,NA,NA,NA,NA,NA,NA,4,3,5,3,6,4,5,5,3,5,4,5,5,3,5,5,5,3,1,4,4,4,4,1,2,NA,NA,NA,NA,NA,NA,NA,NA,NA,NA,NA,NA,4.222222222222222,4.625,2.875,43,m,0.20761522386185902,include,include,include,include
499594,NA,NA,NA,NA,NA,NA,NA,NA,NA,5,4,5,3,5,5,4,5,2,6,6,4,2,5,5,6,6,4,4,3,6,4,5,5,5,NA,NA,NA,NA,NA,NA,NA,NA,NA,NA,NA,NA,4.222222222222222,5,4.5,20,f,-0.2511798515099373,include,include,include,include
510366,2,NA,6,6,5,6,5,3,6,NA,NA,NA,NA,NA,NA,NA,NA,NA,NA,NA,NA,NA,NA,NA,NA,NA,NA,NA,NA,NA,NA,NA,NA,NA,6,1,3,3,3,4,1,5,4,2,4.875,3.2,NA,NA,NA,19,m,-0.5554551219726437,include,include,exclude,exclude
511349,6,5,6,5,5,NA,5,5,6,NA,NA,NA,NA,NA,NA,NA,NA,NA,NA,NA,NA,NA,NA,NA,NA,NA,NA,NA,NA,NA,NA,NA,NA,NA,5,1,5,4,5,5,4,6,5,4,5.375,4.4,NA,NA,NA,45,m,-0.901581530784094,include,include,exclude,exclude
519468,3,5,4,5,5,6,5,4,5,NA,NA,NA,NA,NA,NA,NA,NA,NA,NA,NA,NA,NA,NA,NA,NA,NA,NA,NA,NA,NA,NA,NA,NA,NA,5,2,5,5,5,5,4,5,6,4,4.666666666666667,4.6,NA,NA,NA,27,f,0.20608000673676033,include,include,include,include
522741,NA,NA,NA,NA,NA,NA,NA,NA,NA,5,2,6,2,5,5,5,5,2,6,6,4,5,6,6,6,6,2,2,4,5,1,2,2,2,NA,NA,NA,NA,NA,NA,NA,NA,NA,NA,NA,NA,4.111111111111111,5.625,2.5,46,m,-0.12664347993280367,include,include,include,include
527128,NA,NA,NA,NA,NA,NA,NA,NA,NA,5,3,5,3,3,5,5,5,3,6,2,5,5,4,6,3,6,2,1,3,2,2,5,1,3,NA,NA,NA,NA,NA,NA,NA,NA,NA,NA,NA,NA,4.111111111111111,4.625,2.375,26,f,-0.0778289252976267,include,include,include,include
539125,2,6,6,5,6,5,5,4,6,NA,NA,NA,NA,NA,NA,NA,NA,NA,NA,NA,NA,NA,NA,NA,NA,NA,NA,NA,NA,NA,NA,NA,NA,NA,5,6,5,3,6,3,6,2,5,4,5,4.5,NA,NA,NA,32,m,-0.2774114365809754,include,include,include,include
559109,NA,NA,NA,NA,NA,NA,NA,NA,NA,6,5,6,3,5,6,6,5,6,4,4,4,6,4,6,3,3,1,2,4,1,1,4,1,1,NA,NA,NA,NA,NA,NA,NA,NA,NA,NA,NA,NA,5.333333333333333,4.25,1.875,58,f,-0.2801819300173648,include,include,include,include
548429,5,5,4,6,5,5,5,3,5,NA,NA,NA,NA,NA,NA,NA,NA,NA,NA,NA,NA,NA,NA,NA,NA,NA,NA,NA,NA,NA,NA,NA,NA,NA,5,5,6,5,6,6,5,2,5,6,4.777777777777778,5.1,NA,NA,NA,19,m,-0.5782773092663892,include,include,include,include
550775,NA,NA,NA,NA,NA,NA,NA,NA,NA,5,2,5,3,2,4,5,5,2,6,3,4,4,2,5,2,5,3,4,5,5,4,5,5,5,NA,NA,NA,NA,NA,NA,NA,NA,NA,NA,NA,NA,3.6666666666666665,3.875,4.5,17,m,0.00222018130012127,include,include,include,include
555831,1,5,1,5,6,4,5,2,5,NA,NA,NA,NA,NA,NA,NA,NA,NA,NA,NA,NA,NA,NA,NA,NA,NA,NA,NA,NA,NA,NA,NA,NA,NA,5,6,6,5,6,5,6,3,4,6,3.7777777777777777,5.2,NA,NA,NA,18,f,-0.05553283664377391,include,include,include,include
557720,NA,NA,NA,NA,NA,NA,NA,NA,NA,6,6,6,6,5,6,6,6,5,6,3,5,6,3,6,2,4,1,2,5,3,2,5,2,2,NA,NA,NA,NA,NA,NA,NA,NA,NA,NA,NA,NA,5.777777777777778,4.375,2.75,36,m,-0.6370685424386451,include,include,include,include
559640,NA,NA,NA,NA,NA,NA,NA,NA,NA,6,5,6,5,4,6,5,4,4,3,3,2,5,2,6,3,4,3,2,5,4,1,3,1,2,NA,NA,NA,NA,NA,NA,NA,NA,NA,NA,NA,NA,5,3.5,2.625,28,m,-0.29154686082482634,include,include,include,include
568128,6,6,6,6,6,4,6,5,6,NA,NA,NA,NA,NA,NA,NA,NA,NA,NA,NA,NA,NA,NA,NA,NA,NA,NA,NA,NA,NA,NA,NA,NA,NA,6,4,4,4,6,6,6,6,4,6,5.666666666666667,5.2,NA,NA,NA,39,m,0.06618774434744112,include,include,include,include
568742,2,3,1,6,6,6,6,3,5,NA,NA,NA,NA,NA,NA,NA,NA,NA,NA,NA,NA,NA,NA,NA,NA,NA,NA,NA,NA,NA,NA,NA,NA,NA,6,4,4,5,1,5,4,1,5,6,4.222222222222222,4.1,NA,NA,NA,21,f,-0.47209614945344935,include,include,include,include
575534,NA,NA,NA,NA,NA,NA,NA,NA,NA,6,2,5,2,4,5,2,4,1,2,4,2,1,1,1,1,3,4,2,4,2,2,4,2,3,NA,NA,NA,NA,NA,NA,NA,NA,NA,NA,NA,NA,3.4444444444444446,1.875,2.875,30,m,-0.37267547271406826,include,include,include,include
578307,5,6,5,6,5,5,6,6,4,NA,NA,NA,NA,NA,NA,NA,NA,NA,NA,NA,NA,NA,NA,NA,NA,NA,NA,NA,NA,NA,NA,NA,NA,NA,5,4,5,5,6,6,5,3,4,4,5.333333333333333,4.7,NA,NA,NA,22,m,0.14786295882070521,include,include,include,include
581474,NA,NA,NA,NA,NA,NA,NA,NA,NA,6,6,6,6,3,5,6,6,3,4,1,2,1,3,5,3,4,3,2,4,5,1,2,2,1,NA,NA,NA,NA,NA,NA,NA,NA,NA,NA,NA,NA,5.222222222222222,2.875,2.5,22,f,0.06575681953643915,include,include,include,include
593293,5,5,6,6,1,5,6,3,6,NA,NA,NA,NA,NA,NA,NA,NA,NA,NA,NA,NA,NA,NA,NA,NA,NA,NA,NA,NA,NA,NA,NA,NA,NA,6,5,6,5,5,6,6,5,6,6,4.777777777777778,5.6,NA,NA,NA,29,f,-0.3829560865019542,include,include,include,include
593817,NA,NA,NA,NA,NA,NA,NA,NA,NA,6,5,6,3,5,6,5,6,4,5,3,5,5,4,5,3,5,4,3,6,4,2,5,3,4,NA,NA,NA,NA,NA,NA,NA,NA,NA,NA,NA,NA,5.111111111111111,4.375,3.875,22,f,-0.11267598036462857,include,include,include,include
597411,5,6,6,6,5,6,5,1,6,NA,NA,NA,NA,NA,NA,NA,NA,NA,NA,NA,NA,NA,NA,NA,NA,NA,NA,NA,NA,NA,NA,NA,NA,NA,5,6,6,4,5,5,6,6,5,6,5.111111111111111,5.4,NA,NA,NA,53,f,-0.37809954068800566,include,include,include,include
627581,3,5,5,5,5,3,4,4,5,NA,NA,NA,NA,NA,NA,NA,NA,NA,NA,NA,NA,NA,NA,NA,NA,NA,NA,NA,NA,NA,NA,NA,NA,NA,4,4,6,6,5,5,6,5,6,4,4.333333333333333,5.1,NA,NA,NA,23,f,0.2543831512118368,include,include,include,include
628624,NA,NA,NA,NA,NA,NA,NA,NA,NA,6,6,6,6,5,6,6,6,5,5,3,5,5,5,1,2,5,1,1,1,1,2,6,1,1,NA,NA,NA,NA,NA,NA,NA,NA,NA,NA,NA,NA,5.777777777777778,3.875,1.75,21,f,0.15568918472062226,include,include,include,include
629563,2,6,6,4,5,1,4,4,3,NA,NA,NA,NA,NA,NA,NA,NA,NA,NA,NA,NA,NA,NA,NA,NA,NA,NA,NA,NA,NA,NA,NA,NA,NA,6,2,2,1,4,4,2,3,5,2,3.888888888888889,3.1,NA,NA,NA,42,m,-0.2628886723635788,exclude,include,include,exclude
630625,3,4,6,4,5,3,3,4,6,NA,NA,NA,NA,NA,NA,NA,NA,NA,NA,NA,NA,NA,NA,NA,NA,NA,NA,NA,NA,NA,NA,NA,NA,NA,4,4,6,4,5,5,6,6,5,2,4.222222222222222,4.7,NA,NA,NA,28,f,-0.3106448099581133,include,include,include,include
643556,NA,NA,NA,NA,NA,NA,NA,NA,NA,3,3,4,2,3,3,3,4,3,5,3,5,4,4,5,3,6,3,3,4,3,2,4,3,3,NA,NA,NA,NA,NA,NA,NA,NA,NA,NA,NA,NA,3.111111111111111,4.375,3.125,27,f,0.035883234467622024,include,include,include,include
645951,NA,NA,NA,NA,NA,NA,NA,NA,NA,6,4,6,5,5,6,6,5,4,5,2,5,5,1,5,1,4,4,2,6,5,3,6,3,5,NA,NA,NA,NA,NA,NA,NA,NA,NA,NA,NA,NA,5.222222222222222,3.5,4.25,20,f,-0.6495599338185443,include,include,include,include
648762,NA,NA,NA,NA,NA,NA,NA,NA,NA,6,5,6,5,5,6,5,5,5,5,5,5,5,5,4,3,5,2,3,4,5,2,5,2,5,NA,NA,NA,NA,NA,NA,NA,NA,NA,NA,NA,NA,5.333333333333333,4.625,3.5,19,f,-0.15926956513833918,include,include,include,include
652654,2,5,4,6,4,3,4,3,4,NA,NA,NA,NA,NA,NA,NA,NA,NA,NA,NA,NA,NA,NA,NA,NA,NA,NA,NA,NA,NA,NA,NA,NA,NA,5,5,6,5,6,5,6,2,NA,4,3.888888888888889,4.888888888888889,NA,NA,NA,29,m,-0.40237078818396566,include,include,exclude,exclude
662985,NA,NA,NA,NA,NA,NA,NA,NA,NA,5,5,6,3,6,6,6,5,3,5,3,6,5,3,4,2,4,1,3,4,2,2,4,2,3,NA,NA,NA,NA,NA,NA,NA,NA,NA,NA,NA,NA,5,4,2.625,15,f,-0.03585617399064203,include,include,include,include
659647,NA,NA,NA,NA,NA,NA,NA,NA,NA,5,2,3,1,1,1,2,5,1,4,3,3,5,4,4,2,5,2,5,5,4,3,6,2,3,NA,NA,NA,NA,NA,NA,NA,NA,NA,NA,NA,NA,2.3333333333333335,3.75,3.75,51,f,-0.06096644295121484,include,include,include,include
669471,4,4,6,6,4,2,3,3,2,NA,NA,NA,NA,NA,NA,NA,NA,NA,NA,NA,NA,NA,NA,NA,NA,NA,NA,NA,NA,NA,NA,NA,NA,NA,3,3,4,4,3,4,4,3,5,3,3.7777777777777777,3.6,NA,NA,NA,26,m,-0.7191426089380248,include,include,include,include
201268,2,4,5,2,5,5,5,5,5,NA,NA,NA,NA,NA,NA,NA,NA,NA,NA,NA,NA,NA,NA,NA,NA,NA,NA,NA,NA,NA,NA,NA,NA,NA,6,5,5,6,6,6,4,1,3,5,4.222222222222222,4.7,NA,NA,NA,other/missing/error,missing/other/error,-0.8930059042496734,include,include,include,include
196719,NA,NA,NA,NA,NA,NA,NA,NA,NA,6,1,6,1,1,6,5,4,1,6,3,6,6,6,6,3,6,6,1,5,6,1,4,1,4,NA,NA,NA,NA,NA,NA,NA,NA,NA,NA,NA,NA,3.4444444444444446,5.25,3.5,other/missing/error,missing/other/error,0.1437617842219197,include,include,include,include
194849,NA,NA,NA,NA,NA,NA,NA,NA,NA,6,2,6,2,3,4,5,5,2,6,4,5,5,4,6,3,5,3,4,5,6,3,4,2,4,NA,NA,NA,NA,NA,NA,NA,NA,NA,NA,NA,NA,3.888888888888889,4.75,3.875,other/missing/error,missing/other/error,-0.07057048040271043,include,include,include,include
193446,NA,NA,NA,NA,NA,NA,NA,NA,NA,6,6,6,5,6,6,5,5,3,2,3,5,6,3,6,2,4,2,2,4,4,2,1,2,2,NA,NA,NA,NA,NA,NA,NA,NA,NA,NA,NA,NA,5.333333333333333,3.875,2.375,other/missing/error,missing/other/error,-0.47125103256126566,include,include,include,include
193083,NA,NA,NA,NA,NA,NA,NA,NA,NA,5,3,4,6,2,5,5,5,3,4,3,4,4,3,3,3,3,1,2,2,2,1,3,2,2,NA,NA,NA,NA,NA,NA,NA,NA,NA,NA,NA,NA,4.222222222222222,3.375,1.875,other/missing/error,missing/other/error,-0.4038564340452829,include,include,include,include
186334,NA,NA,NA,NA,NA,NA,NA,NA,NA,4,3,5,3,3,4,5,4,2,4,4,2,4,3,4,2,4,4,3,3,3,4,4,3,4,NA,NA,NA,NA,NA,NA,NA,NA,NA,NA,NA,NA,3.6666666666666665,3.375,3.5,other/missing/error,missing/other/error,-0.24094479559876042,include,include,include,include
181481,4,4,5,5,5,3,5,4,5,NA,NA,NA,NA,NA,NA,NA,NA,NA,NA,NA,NA,NA,NA,NA,NA,NA,NA,NA,NA,NA,NA,NA,NA,NA,3,3,4,4,3,3,4,4,4,3,4.444444444444445,3.5,NA,NA,NA,other/missing/error,missing/other/error,-0.4737166829890841,include,include,include,include
180366,4,5,6,6,6,5,6,2,5,NA,NA,NA,NA,NA,NA,NA,NA,NA,NA,NA,NA,NA,NA,NA,NA,NA,NA,NA,NA,NA,NA,NA,NA,NA,5,5,1,4,6,6,1,4,6,6,5,4.4,NA,NA,NA,other/missing/error,missing/other/error,-0.8555132951765747,include,include,include,include
179098,3,4,7,5,2,5,5,5,3,NA,NA,NA,NA,NA,NA,NA,NA,NA,NA,NA,NA,NA,NA,NA,NA,NA,NA,NA,NA,NA,NA,NA,NA,NA,5,0,6,3,6,7,5,6,7,5,4.333333333333333,5,NA,NA,NA,other/missing/error,missing/other/error,-0.021577490321570816,include,exclude,include,exclude
175558,NA,NA,NA,NA,NA,NA,NA,NA,NA,5,2,3,2,3,3,4,6,2,6,5,3,5,3,5,2,5,1,3,4,5,2,4,2,5,NA,NA,NA,NA,NA,NA,NA,NA,NA,NA,NA,NA,3.3333333333333335,4.25,3.25,other/missing/error,missing/other/error,-0.25868693117203456,include,include,include,include
173471,5,4,3,5,4,4,5,3,6,NA,NA,NA,NA,NA,NA,NA,NA,NA,NA,NA,NA,NA,NA,NA,NA,NA,NA,NA,NA,NA,NA,NA,NA,NA,4,5,5,4,6,5,6,5,5,5,4.333333333333333,5,NA,NA,NA,other/missing/error,missing/other/error,-0.06490554093072069,include,include,include,include
173044,6,6,2,5,6,2,6,2,3,NA,NA,NA,NA,NA,NA,NA,NA,NA,NA,NA,NA,NA,NA,NA,NA,NA,NA,NA,NA,NA,NA,NA,NA,NA,6,5,6,6,6,6,6,6,6,6,4.222222222222222,5.9,NA,NA,NA,other/missing/error,missing/other/error,-0.270141734844213,include,include,include,include
170731,2,6,5,5,5,3,5,6,6,NA,NA,NA,NA,NA,NA,NA,NA,NA,NA,NA,NA,NA,NA,NA,NA,NA,NA,NA,NA,NA,NA,NA,NA,NA,5,5,6,5,6,6,6,5,6,5,4.777777777777778,5.5,NA,NA,NA,other/missing/error,missing/other/error,-0.14757660815485485,include,include,include,include
164811,2,4,4,4,5,6,5,3,4,NA,NA,NA,NA,NA,NA,NA,NA,NA,NA,NA,NA,NA,NA,NA,NA,NA,NA,NA,NA,NA,NA,NA,NA,NA,5,6,6,6,6,5,5,4,4,6,4.111111111111111,5.3,NA,NA,NA,other/missing/error,missing/other/error,-0.3493339942069188,include,include,include,include
164203,NA,NA,NA,NA,NA,NA,NA,NA,NA,3,6,6,6,1,6,5,6,4,2,2,5,4,3,5,3,6,4,1,4,3,1,4,1,1,NA,NA,NA,NA,NA,NA,NA,NA,NA,NA,NA,NA,4.777777777777778,3.75,2.375,other/missing/error,missing/other/error,-0.08183536027665293,include,include,include,include
163143,3,4,6,5,2,4,5,5,5,NA,NA,NA,NA,NA,NA,NA,NA,NA,NA,NA,NA,NA,NA,NA,NA,NA,NA,NA,NA,NA,NA,NA,NA,NA,1,1,4,4,3,1,3,2,3,1,4.333333333333333,2.3,NA,NA,NA,other/missing/error,missing/other/error,-0.7987010551234225,include,include,include,include
162402,1,5,2,6,1,1,1,1,5,NA,NA,NA,NA,NA,NA,NA,NA,NA,NA,NA,NA,NA,NA,NA,NA,NA,NA,NA,NA,NA,NA,NA,NA,NA,2,4,6,4,5,4,4,5,2,NA,2.5555555555555554,4,NA,NA,NA,other/missing/error,missing/other/error,-0.5459128851753557,include,include,exclude,exclude
214776,NA,NA,NA,NA,NA,NA,NA,NA,NA,6,3,6,2,3,5,6,3,4,4,3,3,5,3,4,4,5,2,2,4,2,1,4,1,3,NA,NA,NA,NA,NA,NA,NA,NA,NA,NA,NA,NA,4.222222222222222,3.875,2.375,48,m,-0.6816798776575259,include,include,include,include
233700,3,5,3,4,4,3,4,1,4,NA,NA,NA,NA,NA,NA,NA,NA,NA,NA,NA,NA,NA,NA,NA,NA,NA,NA,NA,NA,NA,NA,NA,NA,NA,6,4,6,5,6,4,5,5,6,4,3.4444444444444446,5.1,NA,NA,NA,36,m,0.017512600253538728,include,include,include,include
246726,5,5,6,6,6,6,6,5,5,NA,NA,NA,NA,NA,NA,NA,NA,NA,NA,NA,NA,NA,NA,NA,NA,NA,NA,NA,NA,NA,NA,NA,NA,NA,4,2,5,4,4,5,5,3,6,3,5.555555555555555,4.1,NA,NA,NA,23,f,0.019797623454788728,include,include,include,include
298159,NA,NA,NA,NA,NA,NA,NA,NA,NA,5,6,5,3,4,4,4,5,3,4,2,4,6,3,5,6,6,2,3,1,1,1,6,2,4,NA,NA,NA,NA,NA,NA,NA,NA,NA,NA,NA,NA,4.333333333333333,4.5,2.5,29,m,-0.4998522705447529,include,include,include,include
343463,3,5,5,4,5,3,6,5,5,NA,NA,NA,NA,NA,NA,NA,NA,NA,NA,NA,NA,NA,NA,NA,NA,NA,NA,NA,NA,NA,NA,NA,NA,NA,4,5,6,5,5,3,5,3,5,5,4.555555555555555,4.6,NA,NA,NA,41,f,-4.07347514848299e-4,include,include,include,include
343750,3,4,5,5,5,3,5,4,5,NA,NA,NA,NA,NA,NA,NA,NA,NA,NA,NA,NA,NA,NA,NA,NA,NA,NA,NA,NA,NA,NA,NA,NA,NA,4,5,6,2,4,4,6,3,5,5,4.333333333333333,4.4,NA,NA,NA,27,m,-0.41546726684540813,include,include,include,include
348917,3,6,6,6,6,6,5,5,6,NA,NA,NA,NA,NA,NA,NA,NA,NA,NA,NA,NA,NA,NA,NA,NA,NA,NA,NA,NA,NA,NA,NA,NA,NA,5,5,6,4,6,4,6,6,5,6,5.444444444444445,5.3,NA,NA,NA,31,f,-0.4052272319438043,include,include,include,include
350255,3,5,5,6,1,4,6,6,6,NA,NA,NA,NA,NA,NA,NA,NA,NA,NA,NA,NA,NA,NA,NA,NA,NA,NA,NA,NA,NA,NA,NA,NA,NA,5,1,6,4,5,5,2,6,5,3,4.666666666666667,4.2,NA,NA,NA,26,m,-0.09869619937722879,include,include,include,include
353512,5,6,6,4,3,5,5,5,6,NA,NA,NA,NA,NA,NA,NA,NA,NA,NA,NA,NA,NA,NA,NA,NA,NA,NA,NA,NA,NA,NA,NA,NA,NA,6,6,6,6,6,6,6,6,6,6,5,6,NA,NA,NA,42,m,-0.5330126480838644,include,include,include,include
360521,4,6,3,6,6,3,6,3,6,NA,NA,NA,NA,NA,NA,NA,NA,NA,NA,NA,NA,NA,NA,NA,NA,NA,NA,NA,NA,NA,NA,NA,NA,NA,4,4,6,4,6,4,6,5,6,3,4.777777777777778,4.8,NA,NA,NA,29,m,-0.7838333095138804,include,include,include,include
450960,NA,NA,NA,NA,NA,NA,NA,NA,NA,5,3,6,3,4,5,6,6,3,4,3,5,5,3,5,3,5,2,3,4,2,2,4,2,2,NA,NA,NA,NA,NA,NA,NA,NA,NA,NA,NA,NA,4.555555555555555,4.125,2.625,38,f,-0.019514516365081124,include,include,include,include
453001,6,6,5,6,6,6,5,4,6,NA,NA,NA,NA,NA,NA,NA,NA,NA,NA,NA,NA,NA,NA,NA,NA,NA,NA,NA,NA,NA,NA,NA,NA,NA,5,3,6,6,5,6,5,6,6,2,5.555555555555555,5,NA,NA,NA,20,m,0.013827372858432186,include,include,include,include
455618,NA,NA,NA,NA,NA,NA,NA,NA,NA,4,4,4,6,6,2,4,2,1,3,1,4,6,1,1,1,1,3,4,6,6,1,2,6,5,NA,NA,NA,NA,NA,NA,NA,NA,NA,NA,NA,NA,3.6666666666666665,2.25,4.125,25,f,-0.8110064545926405,include,include,include,include
462128,NA,NA,NA,NA,NA,NA,NA,NA,NA,5,3,6,3,3,3,5,5,2,5,5,1,4,4,5,3,5,2,3,4,5,2,4,1,4,NA,NA,NA,NA,NA,NA,NA,NA,NA,NA,NA,NA,3.888888888888889,4,3.125,44,f,0.05083688161432305,include,include,include,include
526620,NA,NA,NA,NA,NA,NA,NA,NA,NA,5,5,5,6,6,6,5,6,5,3,3,5,5,2,5,2,5,1,2,1,1,2,4,4,2,NA,NA,NA,NA,NA,NA,NA,NA,NA,NA,NA,NA,5.444444444444445,3.75,2.125,20,f,-0.46150095636505883,include,include,include,include
548565,2,6,5,5,5,5,6,5,5,NA,NA,NA,NA,NA,NA,NA,NA,NA,NA,NA,NA,NA,NA,NA,NA,NA,NA,NA,NA,NA,NA,NA,NA,NA,4,5,5,4,5,2,5,3,4,5,4.888888888888889,4.2,NA,NA,NA,23,f,0.23877049657207414,include,include,include,include
558041,NA,NA,NA,NA,NA,NA,NA,NA,NA,5,6,6,2,6,5,5,6,4,6,2,6,5,2,4,2,4,1,3,4,4,2,4,2,2,NA,NA,NA,NA,NA,NA,NA,NA,NA,NA,NA,NA,5,3.875,2.75,28,f,-0.6021688488072943,include,include,include,include
579249,3,4,3,5,5,3,6,3,5,NA,NA,NA,NA,NA,NA,NA,NA,NA,NA,NA,NA,NA,NA,NA,NA,NA,NA,NA,NA,NA,NA,NA,NA,NA,4,4,5,4,4,4,5,2,4,5,4.111111111111111,4.1,NA,NA,NA,54,f,-0.09311720198617068,include,include,include,include
617893,4,4,5,4,5,3,4,4,4,NA,NA,NA,NA,NA,NA,NA,NA,NA,NA,NA,NA,NA,NA,NA,NA,NA,NA,NA,NA,NA,NA,NA,NA,NA,4,3,5,5,4,5,3,3,4,2,4.111111111111111,3.8,NA,NA,NA,42,m,-0.4782526292418027,include,include,include,include
634062,3,NA,6,5,4,5,5,5,5,NA,NA,NA,NA,NA,NA,NA,NA,NA,NA,NA,NA,NA,NA,NA,NA,NA,NA,NA,NA,NA,NA,NA,NA,NA,6,3,5,6,5,5,4,2,6,5,4.75,4.7,NA,NA,NA,32,m,0.23820750336895022,include,include,exclude,exclude
652538,NA,NA,NA,NA,NA,NA,NA,NA,NA,5,3,7,3,3,6,5,5,2,5,3,5,7,2,5,2,5,4,2,5,5,2,4,2,5,NA,NA,NA,NA,NA,NA,NA,NA,NA,NA,NA,NA,4.333333333333333,4.25,3.625,35,m,-0.22169889784781666,include,exclude,include,exclude
668486,NA,NA,NA,NA,NA,NA,NA,NA,NA,5,2,5,3,3,4,4,4,5,3,2,5,5,3,6,3,4,4,3,5,3,4,3,3,3,NA,NA,NA,NA,NA,NA,NA,NA,NA,NA,NA,NA,3.888888888888889,3.875,3.5,22,m,-0.32860879018867306,include,include,include,include
664326,NA,NA,NA,NA,NA,NA,NA,NA,NA,6,4,6,2,2,6,5,6,5,3,3,4,4,3,5,3,3,2,1,3,3,2,6,1,3,NA,NA,NA,NA,NA,NA,NA,NA,NA,NA,NA,NA,4.666666666666667,3.5,2.625,46,m,-0.8045319112996163,include,include,include,include
194648,3,5,6,6,5,5,5,3,6,NA,NA,NA,NA,NA,NA,NA,NA,NA,NA,NA,NA,NA,NA,NA,NA,NA,NA,NA,NA,NA,NA,NA,NA,NA,5,4,6,5,6,4,4,2,5,5,4.888888888888889,4.6,NA,NA,NA,other/missing/error,missing/other/error,-0.15610907491612885,include,include,include,include
173703,NA,NA,NA,NA,NA,NA,NA,NA,NA,6,2,5,2,3,5,5,5,4,5,4,6,6,6,6,4,6,2,2,3,2,1,4,2,3,NA,NA,NA,NA,NA,NA,NA,NA,NA,NA,NA,NA,4.111111111111111,5.375,2.375,other/missing/error,missing/other/error,-0.49194056073118153,include,include,include,include
167754,5,4,6,5,6,5,4,3,6,NA,NA,NA,NA,NA,NA,NA,NA,NA,NA,NA,NA,NA,NA,NA,NA,NA,NA,NA,NA,NA,NA,NA,NA,NA,5,4,6,5,5,4,6,6,6,5,4.888888888888889,5.2,NA,NA,NA,other/missing/error,missing/other/error,-0.32824782819933085,include,include,include,include
501196,3,4,4,3,5,2,4,5,4,NA,NA,NA,NA,NA,NA,NA,NA,NA,NA,NA,NA,NA,NA,NA,NA,NA,NA,NA,NA,NA,NA,NA,NA,NA,4,5,6,5,5,4,4,4,5,4,3.7777777777777777,4.6,NA,NA,NA,16,m,0.3377239109182519,include,include,include,include
217118,NA,NA,NA,NA,NA,NA,NA,NA,NA,4,4,5,3,1,5,2,5,1,5,5,5,5,4,5,3,5,2,1,3,1,1,1,1,3,NA,NA,NA,NA,NA,NA,NA,NA,NA,NA,NA,NA,3.3333333333333335,4.625,1.625,21,m,-0.3022042518375532,include,include,include,include
217597,3,4,3,4,4,5,4,3,4,NA,NA,NA,NA,NA,NA,NA,NA,NA,NA,NA,NA,NA,NA,NA,NA,NA,NA,NA,NA,NA,NA,NA,NA,NA,4,4,5,4,3,4,4,3,4,4,3.7777777777777777,3.9,NA,NA,NA,25,f,-0.05300450399451846,include,include,include,include
309503,NA,NA,NA,NA,NA,NA,NA,NA,NA,5,5,5,2,4,5,5,4,5,3,3,3,4,2,3,2,3,4,2,2,4,2,2,2,4,NA,NA,NA,NA,NA,NA,NA,NA,NA,NA,NA,NA,4.444444444444445,2.875,2.75,22,f,-0.3662343963517668,include,include,include,include
311846,NA,NA,NA,NA,NA,NA,NA,NA,NA,5,6,5,6,5,6,1,5,2,1,1,3,5,1,5,1,4,5,2,5,4,1,5,2,4,NA,NA,NA,NA,NA,NA,NA,NA,NA,NA,NA,NA,4.555555555555555,2.625,3.5,58,f,-0.6734734938000263,include,include,include,include
340489,4,4,5,5,4,3,4,4,5,NA,NA,NA,NA,NA,NA,NA,NA,NA,NA,NA,NA,NA,NA,NA,NA,NA,NA,NA,NA,NA,NA,NA,NA,NA,3,3,5,3,4,3,5,5,5,5,4.222222222222222,4.1,NA,NA,NA,17,f,-0.22253724492746507,include,include,include,include
353222,1,5,3,2,6,5,5,2,5,NA,NA,NA,NA,NA,NA,NA,NA,NA,NA,NA,NA,NA,NA,NA,NA,NA,NA,NA,NA,NA,NA,NA,NA,NA,2,4,5,1,2,3,5,3,3,2,3.7777777777777777,3,NA,NA,NA,29,f,-0.45137613400176974,include,include,include,include
393892,4,4,5,4,6,3,5,4,4,NA,NA,NA,NA,NA,NA,NA,NA,NA,NA,NA,NA,NA,NA,NA,NA,NA,NA,NA,NA,NA,NA,NA,NA,NA,5,3,5,6,5,5,4,4,5,5,4.333333333333333,4.7,NA,NA,NA,18,f,-0.5587236523792488,include,include,include,include
395088,NA,NA,NA,NA,NA,NA,NA,NA,NA,6,5,6,5,2,5,6,5,2,5,2,4,4,5,6,5,2,1,2,4,4,5,4,2,1,NA,NA,NA,NA,NA,NA,NA,NA,NA,NA,NA,NA,4.666666666666667,4.125,2.875,33,m,-0.162385255622307,include,include,include,include
440645,NA,NA,NA,NA,NA,NA,NA,NA,NA,5,5,6,6,5,5,5,5,4,5,5,4,5,5,6,5,5,2,3,4,4,1,2,2,4,NA,NA,NA,NA,NA,NA,NA,NA,NA,NA,NA,NA,5.111111111111111,5,2.75,27,f,-0.7928042089354562,include,include,include,include
448235,1,6,6,1,2,1,3,2,6,NA,NA,NA,NA,NA,NA,NA,NA,NA,NA,NA,NA,NA,NA,NA,NA,NA,NA,NA,NA,NA,NA,NA,NA,NA,6,5,6,6,6,6,5,6,6,6,3.111111111111111,5.8,NA,NA,NA,39,f,-0.5571357905158656,include,include,include,include
460603,NA,NA,NA,NA,NA,NA,NA,NA,NA,6,4,6,5,5,6,6,4,5,2,1,5,5,1,5,1,2,2,2,4,5,2,4,3,3,NA,NA,NA,NA,NA,NA,NA,NA,NA,NA,NA,NA,5.222222222222222,2.75,3.125,32,f,-0.1391252897871939,include,include,include,include
497745,NA,NA,NA,NA,NA,NA,NA,NA,NA,4,2,5,4,2,3,3,3,3,4,3,5,4,3,4,3,5,1,3,3,3,2,5,4,3,NA,NA,NA,NA,NA,NA,NA,NA,NA,NA,NA,NA,3.2222222222222223,3.875,3,18,f,-0.028652707018523706,include,include,include,include
505557,1,6,3,1,1,6,4,3,6,NA,NA,NA,NA,NA,NA,NA,NA,NA,NA,NA,NA,NA,NA,NA,NA,NA,NA,NA,NA,NA,NA,NA,NA,NA,4,1,4,6,4,6,6,4,6,1,3.4444444444444446,4.2,NA,NA,NA,44,f,-0.1450268163912369,include,include,include,include
523839,4,6,6,6,5,6,6,5,6,NA,NA,NA,NA,NA,NA,NA,NA,NA,NA,NA,NA,NA,NA,NA,NA,NA,NA,NA,NA,NA,NA,NA,NA,NA,6,2,6,4,6,4,3,6,4,4,5.555555555555555,4.5,NA,NA,NA,28,f,0.09045976133369878,include,include,include,include
549211,NA,NA,NA,NA,NA,NA,NA,NA,NA,2,5,2,3,5,5,5,2,5,5,5,5,6,5,5,1,5,6,5,5,4,2,2,1,6,NA,NA,NA,NA,NA,NA,NA,NA,NA,NA,NA,NA,3.7777777777777777,4.625,3.875,48,f,-0.9486433750195105,include,include,include,include
596741,NA,NA,NA,NA,NA,NA,NA,NA,NA,6,2,4,3,3,3,3,4,4,6,4,6,5,2,4,2,6,5,3,5,5,2,4,3,3,NA,NA,NA,NA,NA,NA,NA,NA,NA,NA,NA,NA,3.5555555555555554,4.375,3.75,62,f,-0.5946124849248923,include,include,include,include
628838,NA,NA,NA,NA,NA,NA,NA,NA,NA,4,2,5,3,2,4,4,4,2,3,3,3,4,2,3,2,2,4,4,5,5,3,5,4,5,NA,NA,NA,NA,NA,NA,NA,NA,NA,NA,NA,NA,3.3333333333333335,2.75,4.375,18,f,-0.5521736491406737,include,include,include,include
648950,3,6,5,5,0,5,6,5,5,NA,NA,NA,NA,NA,NA,NA,NA,NA,NA,NA,NA,NA,NA,NA,NA,NA,NA,NA,NA,NA,NA,NA,NA,NA,5,5,0,5,3,4,5,4,5,7,4.444444444444445,4.3,NA,NA,NA,32,m,-0.5147517220017579,include,exclude,include,exclude
199840,2,5,3,2,2,4,3,2,4,NA,NA,NA,NA,NA,NA,NA,NA,NA,NA,NA,NA,NA,NA,NA,NA,NA,NA,NA,NA,NA,NA,NA,NA,NA,5,5,6,5,5,5,4,4,5,6,3,5,NA,NA,NA,other/missing/error,missing/other/error,-0.4589426340007681,include,include,include,include
199166,3,4,5,6,4,6,4,2,6,NA,NA,NA,NA,NA,NA,NA,NA,NA,NA,NA,NA,NA,NA,NA,NA,NA,NA,NA,NA,NA,NA,NA,NA,NA,5,5,6,5,6,6,6,5,4,6,4.444444444444445,5.4,NA,NA,NA,other/missing/error,missing/other/error,-0.6471608401336943,include,include,include,include
195431,2,3,5,2,3,3,2,4,2,NA,NA,NA,NA,NA,NA,NA,NA,NA,NA,NA,NA,NA,NA,NA,NA,NA,NA,NA,NA,NA,NA,NA,NA,NA,3,5,5,6,3,3,4,4,6,2,2.888888888888889,4.1,NA,NA,NA,other/missing/error,missing/other/error,-0.49873143978273043,include,include,include,include
183947,NA,NA,NA,NA,NA,NA,NA,NA,NA,6,6,6,6,1,6,2,6,NA,6,3,1,3,2,5,4,1,4,1,4,1,6,2,1,4,NA,NA,NA,NA,NA,NA,NA,NA,NA,NA,NA,NA,4.875,3.125,2.875,other/missing/error,missing/other/error,-0.5879647901605347,include,include,exclude,exclude
179074,NA,NA,NA,NA,NA,NA,NA,NA,NA,2,1,3,4,3,6,6,5,1,3,6,5,5,4,3,2,1,1,1,5,2,2,2,1,5,NA,NA,NA,NA,NA,NA,NA,NA,NA,NA,NA,NA,3.4444444444444446,3.625,2.375,other/missing/error,missing/other/error,-0.0039028381117444497,include,include,include,include
164311,NA,NA,NA,NA,NA,NA,NA,NA,NA,6,5,6,6,6,6,6,6,6,6,5,5,5,5,6,3,6,1,2,5,2,1,2,2,2,NA,NA,NA,NA,NA,NA,NA,NA,NA,NA,NA,NA,5.888888888888889,5.125,2.125,other/missing/error,missing/other/error,-0.3606155472445754,include,include,include,include
